{"cameraMode":{"drawMode":0,"name":"Shaded","section":"Shading Mode"},"sceneLighting":false,"audioPlay":false,"sceneViewState":{"showFog":true,"showMaterialUpdate":false,"showSkybox":false,"showFlares":true,"showImageEffects":true,"showParticleSystems":true},"in2DMode":false,"pivot":{"x":-0.17930400371551515,"y":-3.1424312591552736,"z":-6.359027862548828},"rotation":{"x":-0.09632638841867447,"y":0.23566024005413056,"z":-0.023480337113142015,"w":-0.9667692184448242},"size":2.538198471069336,"orthographic":false}