{"cameraMode":{"drawMode":0,"name":"Shaded","section":"Shading Mode"},"sceneLighting":false,"audioPlay":false,"sceneViewState":{"showFog":true,"showMaterialUpdate":false,"showSkybox":false,"showFlares":true,"showImageEffects":true,"showParticleSystems":true},"in2DMode":false,"pivot":{"x":0.9268277883529663,"y":-4.147078990936279,"z":-6.303939342498779},"rotation":{"x":-0.09394524246454239,"y":0.2124546766281128,"z":-0.020524680614471437,"w":-0.9724322557449341},"size":2.7552311420440676,"orthographic":false}